{
    "USDINR": 82.87,
    "INRUSD": 0.01208,
    "GBPINR": 105.1,
    "INRGBP": 0.00952,
    "CADINR": 61.41,
    "INRCAD": 0.01628
  }